,drug_row,drug_col,cell_line_name,synergy_hsa
623025,829.0,544.0,107.0,8.657469463666667
635250,2677.0,544.0,170.0,-5.842662670666667
634625,4172.0,544.0,184.0,-13.061567733333334
623027,828.0,544.0,107.0,10.49775778
650562,827.0,544.0,128.0,40.28912040666666
623033,157.0,544.0,107.0,14.312595533333331
