,drug_row,drug_col,cell_line_name,synergy_hsa
634626,2677.0,544.0,184.0,10.30327979
635248,3186.0,544.0,170.0,1.3398563006666666
635249,4172.0,544.0,170.0,-4.666290515
635250,2677.0,544.0,170.0,-5.842662670666667
635251,157.0,544.0,170.0,-8.395164333333334
650568,2677.0,544.0,128.0,11.20807509
