,drug_row,drug_col,cell_line_name,synergy_hsa
623033,157.0,544.0,107.0,14.312595533333331
634627,157.0,544.0,184.0,-6.841116129333334
635248,3186.0,544.0,170.0,1.3398563006666666
650564,2063.0,544.0,128.0,21.57789141
650569,157.0,544.0,128.0,11.98556816
