,drug_row,drug_col,cell_line_name,synergy_hsa
623027,828.0,544.0,107.0,10.49775778
623029,150.0,544.0,107.0,11.171249726666666
623030,3186.0,544.0,107.0,7.587783597666667
634624,3186.0,544.0,184.0,4.977516977333333
634626,2677.0,544.0,184.0,10.30327979
650562,827.0,544.0,128.0,40.28912040666666
