,drug_row,drug_col,cell_line_name,synergy_hsa
623030,3186.0,544.0,107.0,7.587783597666667
623031,4172.0,544.0,107.0,7.284581355
623032,2677.0,544.0,107.0,5.769923078666667
634623,150.0,544.0,184.0,-9.809462707666668
650562,827.0,544.0,128.0,40.28912040666666
650564,2063.0,544.0,128.0,21.57789141
