,drug_row,drug_col,cell_line_name,synergy_hsa
623028,2063.0,544.0,107.0,5.218556589666666
635247,150.0,544.0,170.0,-3.028298023666667
635250,2677.0,544.0,170.0,-5.842662670666667
650561,829.0,544.0,128.0,23.91254458
650562,827.0,544.0,128.0,40.28912040666666
650566,3186.0,544.0,128.0,9.147201864
