,drug_row,drug_col,cell_line_name,synergy_hsa
623027,828.0,544.0,107.0,10.49775778
635251,157.0,544.0,170.0,-8.395164333333334
634625,4172.0,544.0,184.0,-13.061567733333334
623028,2063.0,544.0,107.0,5.218556589666666
650563,828.0,544.0,128.0,31.98838080666667
623032,2677.0,544.0,107.0,5.769923078666667
