,drug_row,drug_col,cell_line_name,synergy_hsa
623026,827.0,544.0,107.0,11.065131549999998
623031,4172.0,544.0,107.0,7.284581355
623032,2677.0,544.0,107.0,5.769923078666667
634627,157.0,544.0,184.0,-6.841116129333334
635251,157.0,544.0,170.0,-8.395164333333334
650567,4172.0,544.0,128.0,11.852212943333331
