,drug_row,drug_col,cell_line_name,synergy_hsa
623032,2677.0,544.0,107.0,5.769923078666667
634625,4172.0,544.0,184.0,-13.061567733333334
635251,157.0,544.0,170.0,-8.395164333333334
650565,150.0,544.0,128.0,23.636302606666664
650566,3186.0,544.0,128.0,9.147201864
