,drug_row,drug_col,cell_line_name,synergy_hsa
635251,157.0,544.0,170.0,-8.395164333333334
634624,3186.0,544.0,184.0,4.977516977333333
623026,827.0,544.0,107.0,11.065131549999998
634623,150.0,544.0,184.0,-9.809462707666668
650562,827.0,544.0,128.0,40.28912040666666
634627,157.0,544.0,184.0,-6.841116129333334
