,drug_row,drug_col,cell_line_name,synergy_hsa
623027,828.0,544.0,107.0,10.49775778
623029,150.0,544.0,107.0,11.171249726666666
634624,3186.0,544.0,184.0,4.977516977333333
650563,828.0,544.0,128.0,31.98838080666667
650564,2063.0,544.0,128.0,21.57789141
650565,150.0,544.0,128.0,23.636302606666664
