,drug_row,drug_col,cell_line_name,synergy_hsa
623026,827.0,544.0,107.0,11.065131549999998
623027,828.0,544.0,107.0,10.49775778
623029,150.0,544.0,107.0,11.171249726666666
634627,157.0,544.0,184.0,-6.841116129333334
635247,150.0,544.0,170.0,-3.028298023666667
650565,150.0,544.0,128.0,23.636302606666664
