,drug_row,drug_col,cell_line_name,synergy_hsa
623025,829.0,544.0,107.0,8.657469463666667
623026,827.0,544.0,107.0,11.065131549999998
634623,150.0,544.0,184.0,-9.809462707666668
635247,150.0,544.0,170.0,-3.028298023666667
635250,2677.0,544.0,170.0,-5.842662670666667
650561,829.0,544.0,128.0,23.91254458
