,drug_row,drug_col,cell_line_name,synergy_hsa
623028,2063.0,544.0,107.0,5.218556589666666
623033,157.0,544.0,107.0,14.312595533333331
634624,3186.0,544.0,184.0,4.977516977333333
650566,3186.0,544.0,128.0,9.147201864
650567,4172.0,544.0,128.0,11.852212943333331
