,drug_row,drug_col,cell_line_name,synergy_hsa
623025,829.0,544.0,107.0,8.657469463666667
634625,4172.0,544.0,184.0,-13.061567733333334
650561,829.0,544.0,128.0,23.91254458
650563,828.0,544.0,128.0,31.98838080666667
650569,157.0,544.0,128.0,11.98556816
