,drug_row,drug_col,cell_line_name,synergy_hsa
623025,829.0,544.0,107.0,8.657469463666667
635251,157.0,544.0,170.0,-8.395164333333334
634627,157.0,544.0,184.0,-6.841116129333334
623026,827.0,544.0,107.0,11.065131549999998
650563,828.0,544.0,128.0,31.98838080666667
623033,157.0,544.0,107.0,14.312595533333331
