,drug_row,drug_col,cell_line_name,synergy_hsa
635251,157.0,544.0,170.0,-8.395164333333334
634626,2677.0,544.0,184.0,10.30327979
623025,829.0,544.0,107.0,8.657469463666667
634625,4172.0,544.0,184.0,-13.061567733333334
650562,827.0,544.0,128.0,40.28912040666666
635248,3186.0,544.0,170.0,1.3398563006666666
