,drug_row,drug_col,cell_line_name,synergy_hsa
623025,829.0,544.0,107.0,8.657469463666667
635251,157.0,544.0,170.0,-8.395164333333334
634625,4172.0,544.0,184.0,-13.061567733333334
623028,2063.0,544.0,107.0,5.218556589666666
650562,827.0,544.0,128.0,40.28912040666666
623033,157.0,544.0,107.0,14.312595533333331
