,drug_row,drug_col,cell_line_name,synergy_hsa
623028,2063.0,544.0,107.0,5.218556589666666
623031,4172.0,544.0,107.0,7.284581355
635249,4172.0,544.0,170.0,-4.666290515
650563,828.0,544.0,128.0,31.98838080666667
650567,4172.0,544.0,128.0,11.852212943333331
650568,2677.0,544.0,128.0,11.20807509
