,drug_row,drug_col,cell_line_name,synergy_hsa
623025,829.0,544.0,107.0,8.657469463666667
635248,3186.0,544.0,170.0,1.3398563006666666
634624,3186.0,544.0,184.0,4.977516977333333
623026,827.0,544.0,107.0,11.065131549999998
635251,157.0,544.0,170.0,-8.395164333333334
623032,2677.0,544.0,107.0,5.769923078666667
