,drug_row,drug_col,cell_line_name,synergy_hsa
623025,829.0,544.0,107.0,8.657469463666667
635250,2677.0,544.0,170.0,-5.842662670666667
634626,2677.0,544.0,184.0,10.30327979
623026,827.0,544.0,107.0,11.065131549999998
650561,829.0,544.0,128.0,23.91254458
623033,157.0,544.0,107.0,14.312595533333331
