,drug_row,drug_col,cell_line_name,synergy_hsa
623030,3186.0,544.0,107.0,7.587783597666667
623033,157.0,544.0,107.0,14.312595533333331
634623,150.0,544.0,184.0,-9.809462707666668
634625,4172.0,544.0,184.0,-13.061567733333334
634626,2677.0,544.0,184.0,10.30327979
