,drug_row,drug_col,cell_line_name,synergy_hsa
623025,829.0,544.0,107.0,8.657469463666667
635248,3186.0,544.0,170.0,1.3398563006666666
635249,4172.0,544.0,170.0,-4.666290515
650568,2677.0,544.0,128.0,11.20807509
650569,157.0,544.0,128.0,11.98556816
