,drug_row,drug_col,cell_line_name,synergy_hsa
650562,827.0,544.0,128.0,40.28912040666666
635247,150.0,544.0,170.0,-3.028298023666667
623025,829.0,544.0,107.0,8.657469463666667
634627,157.0,544.0,184.0,-6.841116129333334
650564,2063.0,544.0,128.0,21.57789141
635250,2677.0,544.0,170.0,-5.842662670666667
