,drug_row,drug_col,cell_line_name,synergy_hsa
623025,829.0,544.0,107.0,8.657469463666667
635247,150.0,544.0,170.0,-3.028298023666667
623033,157.0,544.0,107.0,14.312595533333331
623026,827.0,544.0,107.0,11.065131549999998
650562,827.0,544.0,128.0,40.28912040666666
623030,3186.0,544.0,107.0,7.587783597666667
