,drug_row,drug_col,cell_line_name,synergy_loewe
640883,406.0,787.0,161.0,5.316626683312935
640886,630.0,787.0,161.0,-14.04198565615398
640890,453.0,787.0,161.0,-0.0003273428048866
644461,453.0,630.0,175.0,-0.0004044158840732
