,drug_row,drug_col,cell_line_name,synergy_loewe
640886,630.0,787.0,161.0,-14.04198565615398
640889,453.0,406.0,161.0,-0.931233226049628
644453,406.0,787.0,175.0,-0.0003273428048866
644459,453.0,406.0,175.0,-0.0003875764311773
