,drug_row,drug_col,cell_line_name,synergy_loewe
640887,630.0,1589.0,161.0,-7.2117117695233555
640889,453.0,406.0,161.0,-0.931233226049628
640890,453.0,787.0,161.0,-0.0003273428048866
644459,453.0,406.0,175.0,-0.0003875764311773
