,drug_row,drug_col,cell_line_name,synergy_loewe
640891,453.0,630.0,161.0,-14.106328485631227
644456,630.0,787.0,175.0,-0.0003135891706737
644458,1589.0,787.0,175.0,-0.0003875759912575
644462,453.0,1589.0,175.0,-0.0003273428048866
