,drug_row,drug_col,cell_line_name,synergy_loewe
640883,406.0,787.0,161.0,5.316626683312935
640887,630.0,1589.0,161.0,-7.2117117695233555
644455,630.0,406.0,175.0,-0.000370331424326
644461,453.0,630.0,175.0,-0.0004044158840732
