,drug_row,drug_col,cell_line_name,synergy_loewe
640883,406.0,787.0,161.0,5.316626683312935
640884,406.0,1589.0,161.0,-3.718201311057915
640889,453.0,406.0,161.0,-0.931233226049628
644461,453.0,630.0,175.0,-0.0004044158840732
