,drug_row,drug_col,cell_line_name,synergy_loewe
640883,406.0,787.0,161.0,5.316626683312935
640884,406.0,1589.0,161.0,-3.718201311057915
640890,453.0,787.0,161.0,-0.0003273428048866
644456,630.0,787.0,175.0,-0.0003135891706737
