,drug_row,drug_col,cell_line_name,synergy_loewe
640892,453.0,1589.0,161.0,1.0617687966349527
644458,1589.0,787.0,175.0,-0.0003875759912575
644461,453.0,630.0,175.0,-0.0004044158840732
644462,453.0,1589.0,175.0,-0.0003273428048866
