,drug_row,drug_col,cell_line_name,synergy_loewe
640885,630.0,406.0,161.0,-15.40139324757587
640886,630.0,787.0,161.0,-14.04198565615398
640891,453.0,630.0,161.0,-14.106328485631227
644461,453.0,630.0,175.0,-0.0004044158840732
