,drug_row,drug_col,cell_line_name,synergy_loewe
640886,630.0,787.0,161.0,-14.04198565615398
640888,1589.0,787.0,161.0,-1.939015555162558
640892,453.0,1589.0,161.0,1.0617687966349527
644453,406.0,787.0,175.0,-0.0003273428048866
