,drug_row,drug_col,cell_line_name,synergy_loewe
640884,406.0,1589.0,161.0,-3.718201311057915
640885,630.0,406.0,161.0,-15.40139324757587
640890,453.0,787.0,161.0,-0.0003273428048866
644461,453.0,630.0,175.0,-0.0004044158840732
