,drug_row,drug_col,cell_line_name,synergy_loewe
640888,1589.0,787.0,161.0,-1.939015555162558
640891,453.0,630.0,161.0,-14.106328485631227
644454,406.0,1589.0,175.0,-0.0003273428048866
644455,630.0,406.0,175.0,-0.000370331424326
