,drug_row,drug_col,cell_line_name,synergy_loewe
640892,453.0,1589.0,161.0,1.0617687966349527
644454,406.0,1589.0,175.0,-0.0003273428048866
644455,630.0,406.0,175.0,-0.000370331424326
644458,1589.0,787.0,175.0,-0.0003875759912575
