,drug_row,drug_col,cell_line_name,synergy_loewe
640888,1589.0,787.0,161.0,-1.939015555162558
644456,630.0,787.0,175.0,-0.0003135891706737
644461,453.0,630.0,175.0,-0.0004044158840732
644462,453.0,1589.0,175.0,-0.0003273428048866
