,drug_row,drug_col,cell_line_name,synergy_loewe
640885,630.0,406.0,161.0,-15.40139324757587
640889,453.0,406.0,161.0,-0.931233226049628
644454,406.0,1589.0,175.0,-0.0003273428048866
644457,630.0,1589.0,175.0,-0.0003135891706737
