,drug_row,drug_col,cell_line_name,synergy_zip
640888,1589.0,787.0,161.0,-1.0662329084960425
644456,630.0,787.0,175.0,-1.96032308764947
644461,453.0,630.0,175.0,-1.96032798987186
644462,453.0,1589.0,175.0,-1.9603231098385896
