,drug_row,drug_col,cell_line_name,synergy_zip
640892,453.0,1589.0,161.0,4.817603987733033
644458,1589.0,787.0,175.0,-1.9603231132151
644461,453.0,630.0,175.0,-1.96032798987186
644462,453.0,1589.0,175.0,-1.9603231098385896
