,drug_row,drug_col,cell_line_name,synergy_zip
640888,1589.0,787.0,161.0,-1.0662329084960425
640891,453.0,630.0,161.0,-1.3783431396270671
644454,406.0,1589.0,175.0,-1.9603231098385896
644455,630.0,406.0,175.0,-1.9603279777219
