,drug_row,drug_col,cell_line_name,synergy_zip
640883,406.0,787.0,161.0,7.289244529845781
640884,406.0,1589.0,161.0,-0.1696436230710798
640890,453.0,787.0,161.0,-1.9603231098385896
644456,630.0,787.0,175.0,-1.96032308764947
