,drug_row,drug_col,cell_line_name,synergy_zip
640883,406.0,787.0,161.0,7.289244529845781
640887,630.0,1589.0,161.0,5.883318692584222
644455,630.0,406.0,175.0,-1.9603279777219
644461,453.0,630.0,175.0,-1.96032798987186
