,drug_row,drug_col,cell_line_name,synergy_zip
640886,630.0,787.0,161.0,3.7648381458316726
640888,1589.0,787.0,161.0,-1.0662329084960425
640892,453.0,1589.0,161.0,4.817603987733033
644453,406.0,787.0,175.0,-1.9603231098385896
