,drug_row,drug_col,cell_line_name,synergy_zip
640885,630.0,406.0,161.0,-0.8427199123308375
640886,630.0,787.0,161.0,3.7648381458316726
640891,453.0,630.0,161.0,-1.3783431396270671
644461,453.0,630.0,175.0,-1.96032798987186
