,drug_row,drug_col,cell_line_name,synergy_zip
640883,406.0,787.0,161.0,7.289244529845781
640884,406.0,1589.0,161.0,-0.1696436230710798
640889,453.0,406.0,161.0,1.1973774771061452
644459,453.0,406.0,175.0,-1.96032799340064
