,drug_row,drug_col,cell_line_name,synergy_zip
640887,630.0,1589.0,161.0,5.883318692584222
640889,453.0,406.0,161.0,1.1973774771061452
640890,453.0,787.0,161.0,-1.9603231098385896
644459,453.0,406.0,175.0,-1.96032799340064
