,drug_row,drug_col,cell_line_name,synergy_zip
640885,630.0,406.0,161.0,-0.8427199123308375
640887,630.0,1589.0,161.0,5.883318692584222
644457,630.0,1589.0,175.0,-1.96032308764947
644460,453.0,787.0,175.0,-1.9603231098385896
