,drug_row,drug_col,cell_line_name,synergy_zip
640885,630.0,406.0,161.0,-0.8427199123308375
640889,453.0,406.0,161.0,1.1973774771061452
644454,406.0,1589.0,175.0,-1.9603231098385896
644457,630.0,1589.0,175.0,-1.96032308764947
