,drug_row,drug_col,cell_line_name,synergy_zip
640884,406.0,1589.0,161.0,-0.1696436230710798
640890,453.0,787.0,161.0,-1.9603231098385896
644459,453.0,406.0,175.0,-1.96032799340064
644460,453.0,787.0,175.0,-1.9603231098385896
