,drug_row,drug_col,cell_line_name,synergy_zip
640886,630.0,787.0,161.0,3.7648381458316726
640889,453.0,406.0,161.0,1.1973774771061452
644453,406.0,787.0,175.0,-1.9603231098385896
644459,453.0,406.0,175.0,-1.96032799340064
