,drug_row,drug_col,cell_line_name,synergy_zip
640883,406.0,787.0,161.0,7.289244529845781
640886,630.0,787.0,161.0,3.7648381458316726
640891,453.0,630.0,161.0,-1.3783431396270671
644453,406.0,787.0,175.0,-1.9603231098385896
