,drug_row,drug_col,cell_line_name,synergy_bliss
635251,157.0,544.0,170.0,-6.732844635666666
634624,3186.0,544.0,184.0,-6.288946757333334
623026,827.0,544.0,107.0,-3.1383598136666664
634623,150.0,544.0,184.0,-15.512580686666666
650562,827.0,544.0,128.0,28.128312116666667
634627,157.0,544.0,184.0,-2.712218755333333
