,drug_row,drug_col,cell_line_name,synergy_bliss
623028,2063.0,544.0,107.0,-3.5682130083333328
635247,150.0,544.0,170.0,-19.21034668333333
635250,2677.0,544.0,170.0,-12.077642183333332
650561,829.0,544.0,128.0,14.176038906666667
650562,827.0,544.0,128.0,28.128312116666667
650566,3186.0,544.0,128.0,-4.173246409
