,drug_row,drug_col,cell_line_name,synergy_bliss
623025,829.0,544.0,107.0,-0.13122318
635247,150.0,544.0,170.0,-19.21034668333333
623033,157.0,544.0,107.0,3.276439714
623026,827.0,544.0,107.0,-3.1383598136666664
650562,827.0,544.0,128.0,28.128312116666667
623030,3186.0,544.0,107.0,-0.6141195686666666
