,drug_row,drug_col,cell_line_name,synergy_bliss
623025,829.0,544.0,107.0,-0.13122318
635251,157.0,544.0,170.0,-6.732844635666666
634627,157.0,544.0,184.0,-2.712218755333333
623026,827.0,544.0,107.0,-3.1383598136666664
650563,828.0,544.0,128.0,22.98196711
623033,157.0,544.0,107.0,3.276439714
