,drug_row,drug_col,cell_line_name,synergy_bliss
623025,829.0,544.0,107.0,-0.13122318
634625,4172.0,544.0,184.0,-15.07529046
650561,829.0,544.0,128.0,14.176038906666667
650563,828.0,544.0,128.0,22.98196711
650569,157.0,544.0,128.0,0.9764398376666668
