,drug_row,drug_col,cell_line_name,synergy_bliss
623025,829.0,544.0,107.0,-0.13122318
635250,2677.0,544.0,170.0,-12.077642183333332
634626,2677.0,544.0,184.0,5.480070305666668
623026,827.0,544.0,107.0,-3.1383598136666664
650561,829.0,544.0,128.0,14.176038906666667
623033,157.0,544.0,107.0,3.276439714
