,drug_row,drug_col,cell_line_name,synergy_bliss
623027,828.0,544.0,107.0,-2.0601815316666667
635251,157.0,544.0,170.0,-6.732844635666666
634625,4172.0,544.0,184.0,-15.07529046
623028,2063.0,544.0,107.0,-3.5682130083333328
650563,828.0,544.0,128.0,22.98196711
623032,2677.0,544.0,107.0,-2.471344788
