,drug_row,drug_col,cell_line_name,synergy_bliss
635251,157.0,544.0,170.0,-6.732844635666666
634626,2677.0,544.0,184.0,5.480070305666668
623025,829.0,544.0,107.0,-0.13122318
634625,4172.0,544.0,184.0,-15.07529046
650562,827.0,544.0,128.0,28.128312116666667
635248,3186.0,544.0,170.0,-10.420718706666667
