,drug_row,drug_col,cell_line_name,synergy_bliss
623025,829.0,544.0,107.0,-0.13122318
635251,157.0,544.0,170.0,-6.732844635666666
634625,4172.0,544.0,184.0,-15.07529046
623028,2063.0,544.0,107.0,-3.5682130083333328
650562,827.0,544.0,128.0,28.128312116666667
623033,157.0,544.0,107.0,3.276439714
