,drug_row,drug_col,cell_line_name,synergy_bliss
623025,829.0,544.0,107.0,-0.13122318
635250,2677.0,544.0,170.0,-12.077642183333332
634625,4172.0,544.0,184.0,-15.07529046
623027,828.0,544.0,107.0,-2.0601815316666667
650562,827.0,544.0,128.0,28.128312116666667
623033,157.0,544.0,107.0,3.276439714
