,drug_row,drug_col,cell_line_name,synergy_bliss
623027,828.0,544.0,107.0,-2.0601815316666667
623029,150.0,544.0,107.0,-2.124358276666667
634624,3186.0,544.0,184.0,-6.288946757333334
650563,828.0,544.0,128.0,22.98196711
650564,2063.0,544.0,128.0,4.634871142333334
650565,150.0,544.0,128.0,7.095330118
