,drug_row,drug_col,cell_line_name,synergy_bliss
623027,828.0,544.0,107.0,-2.0601815316666667
623029,150.0,544.0,107.0,-2.124358276666667
623030,3186.0,544.0,107.0,-0.6141195686666666
634624,3186.0,544.0,184.0,-6.288946757333334
634626,2677.0,544.0,184.0,5.480070305666668
650562,827.0,544.0,128.0,28.128312116666667
