,drug_row,drug_col,cell_line_name,synergy_bliss
623026,827.0,544.0,107.0,-3.1383598136666664
623031,4172.0,544.0,107.0,-0.8229091103333334
623032,2677.0,544.0,107.0,-2.471344788
634627,157.0,544.0,184.0,-2.712218755333333
635251,157.0,544.0,170.0,-6.732844635666666
650567,4172.0,544.0,128.0,3.6808353256666666
