,drug_row,drug_col,cell_line_name,synergy_bliss
623025,829.0,544.0,107.0,-0.13122318
635249,4172.0,544.0,170.0,0.5743052706666667
634625,4172.0,544.0,184.0,-15.07529046
623026,827.0,544.0,107.0,-3.1383598136666664
635251,157.0,544.0,170.0,-6.732844635666666
623032,2677.0,544.0,107.0,-2.471344788
