,drug_row,drug_col,cell_line_name,synergy_bliss
623033,157.0,544.0,107.0,3.276439714
634627,157.0,544.0,184.0,-2.712218755333333
635248,3186.0,544.0,170.0,-10.420718706666667
650564,2063.0,544.0,128.0,4.634871142333334
650569,157.0,544.0,128.0,0.9764398376666668
