,drug_row,drug_col,cell_line_name,synergy_bliss
623025,829.0,544.0,107.0,-0.13122318
635248,3186.0,544.0,170.0,-10.420718706666667
635249,4172.0,544.0,170.0,0.5743052706666667
650568,2677.0,544.0,128.0,-2.1221642443333333
650569,157.0,544.0,128.0,0.9764398376666668
