,drug_row,drug_col,cell_line_name,synergy_bliss
623028,2063.0,544.0,107.0,-3.5682130083333328
623031,4172.0,544.0,107.0,-0.8229091103333334
635249,4172.0,544.0,170.0,0.5743052706666667
650563,828.0,544.0,128.0,22.98196711
650567,4172.0,544.0,128.0,3.6808353256666666
650568,2677.0,544.0,128.0,-2.1221642443333333
