,drug_row,drug_col,cell_line_name,synergy_bliss
623028,2063.0,544.0,107.0,-3.5682130083333328
623033,157.0,544.0,107.0,3.276439714
634624,3186.0,544.0,184.0,-6.288946757333334
650566,3186.0,544.0,128.0,-4.173246409
650567,4172.0,544.0,128.0,3.6808353256666666
