,drug_row,drug_col,cell_line_name,synergy_bliss
623030,3186.0,544.0,107.0,-0.6141195686666666
623031,4172.0,544.0,107.0,-0.8229091103333334
623032,2677.0,544.0,107.0,-2.471344788
634623,150.0,544.0,184.0,-15.512580686666666
650562,827.0,544.0,128.0,28.128312116666667
650564,2063.0,544.0,128.0,4.634871142333334
