,drug_row,drug_col,cell_line_name,synergy_bliss
650562,827.0,544.0,128.0,28.128312116666667
635247,150.0,544.0,170.0,-19.21034668333333
623025,829.0,544.0,107.0,-0.13122318
634627,157.0,544.0,184.0,-2.712218755333333
650564,2063.0,544.0,128.0,4.634871142333334
635250,2677.0,544.0,170.0,-12.077642183333332
