,drug_row,drug_col,cell_line_name,synergy_bliss
623032,2677.0,544.0,107.0,-2.471344788
634625,4172.0,544.0,184.0,-15.07529046
635251,157.0,544.0,170.0,-6.732844635666666
650565,150.0,544.0,128.0,7.095330118
650566,3186.0,544.0,128.0,-4.173246409
