,drug_row,drug_col,cell_line_name,synergy_bliss
634626,2677.0,544.0,184.0,5.480070305666668
635248,3186.0,544.0,170.0,-10.420718706666667
635249,4172.0,544.0,170.0,0.5743052706666667
635250,2677.0,544.0,170.0,-12.077642183333332
635251,157.0,544.0,170.0,-6.732844635666666
650568,2677.0,544.0,128.0,-2.1221642443333333
