,drug_row,drug_col,cell_line_name,synergy_bliss
623030,3186.0,544.0,107.0,-0.6141195686666666
623033,157.0,544.0,107.0,3.276439714
634623,150.0,544.0,184.0,-15.512580686666666
634625,4172.0,544.0,184.0,-15.07529046
634626,2677.0,544.0,184.0,5.480070305666668
