,drug_row,drug_col,cell_line_name,synergy_bliss
623025,829.0,544.0,107.0,-0.13122318
635248,3186.0,544.0,170.0,-10.420718706666667
634624,3186.0,544.0,184.0,-6.288946757333334
623026,827.0,544.0,107.0,-3.1383598136666664
635251,157.0,544.0,170.0,-6.732844635666666
623032,2677.0,544.0,107.0,-2.471344788
