,drug_row,drug_col,cell_line_name,synergy_bliss
623026,827.0,544.0,107.0,-3.1383598136666664
623027,828.0,544.0,107.0,-2.0601815316666667
623029,150.0,544.0,107.0,-2.124358276666667
634627,157.0,544.0,184.0,-2.712218755333333
635247,150.0,544.0,170.0,-19.21034668333333
650565,150.0,544.0,128.0,7.095330118
