,drug_row,drug_col,cell_line_name,synergy_bliss
640883,406.0,787.0,161.0,7.079881446032763
640886,630.0,787.0,161.0,0.5038235353659375
640891,453.0,630.0,161.0,-5.808109798560338
644453,406.0,787.0,175.0,-1.960795881020449
