,drug_row,drug_col,cell_line_name,synergy_bliss
640886,630.0,787.0,161.0,0.5038235353659375
640889,453.0,406.0,161.0,0.0532751017322401
644453,406.0,787.0,175.0,-1.960795881020449
644459,453.0,406.0,175.0,-1.960795881020449
