,drug_row,drug_col,cell_line_name,synergy_bliss
640885,630.0,406.0,161.0,-6.052099918786688
640889,453.0,406.0,161.0,0.0532751017322401
644454,406.0,1589.0,175.0,-1.960795881020449
644457,630.0,1589.0,175.0,-1.960795881020449
