,drug_row,drug_col,cell_line_name,synergy_bliss
640883,406.0,787.0,161.0,7.079881446032763
640885,630.0,406.0,161.0,-6.052099918786688
640889,453.0,406.0,161.0,0.0532751017322401
644461,453.0,630.0,175.0,-1.960795881020449
