,drug_row,drug_col,cell_line_name,synergy_bliss
640886,630.0,787.0,161.0,0.5038235353659375
640888,1589.0,787.0,161.0,-1.3060627861346574
640892,453.0,1589.0,161.0,4.965911957793888
644453,406.0,787.0,175.0,-1.960795881020449
