,drug_row,drug_col,cell_line_name,synergy_bliss
640888,1589.0,787.0,161.0,-1.3060627861346574
640891,453.0,630.0,161.0,-5.808109798560338
644454,406.0,1589.0,175.0,-1.960795881020449
644455,630.0,406.0,175.0,-1.960795881020449
