,drug_row,drug_col,cell_line_name,synergy_bliss
640885,630.0,406.0,161.0,-6.052099918786688
640887,630.0,1589.0,161.0,1.8311817294210373
644457,630.0,1589.0,175.0,-1.960795881020449
644460,453.0,787.0,175.0,-1.960795881020449
