,drug_row,drug_col,cell_line_name,synergy_bliss
640883,406.0,787.0,161.0,7.079881446032763
640884,406.0,1589.0,161.0,-0.6829571248227975
640888,1589.0,787.0,161.0,-1.3060627861346574
644460,453.0,787.0,175.0,-1.960795881020449
