,drug_row,drug_col,cell_line_name,synergy_bliss
640892,453.0,1589.0,161.0,4.965911957793888
644454,406.0,1589.0,175.0,-1.960795881020449
644455,630.0,406.0,175.0,-1.960795881020449
644458,1589.0,787.0,175.0,-1.960795881020449
