,drug_row,drug_col,cell_line_name,synergy_bliss
640888,1589.0,787.0,161.0,-1.3060627861346574
644456,630.0,787.0,175.0,-1.960795881020449
644461,453.0,630.0,175.0,-1.960795881020449
644462,453.0,1589.0,175.0,-1.960795881020449
