,drug_row,drug_col,cell_line_name,synergy_bliss
640884,406.0,1589.0,161.0,-0.6829571248227975
640890,453.0,787.0,161.0,-1.960795881020449
644459,453.0,406.0,175.0,-1.960795881020449
644460,453.0,787.0,175.0,-1.960795881020449
