,drug_row,drug_col,cell_line_name,synergy_bliss
640883,406.0,787.0,161.0,7.079881446032763
640884,406.0,1589.0,161.0,-0.6829571248227975
640889,453.0,406.0,161.0,0.0532751017322401
644461,453.0,630.0,175.0,-1.960795881020449
