,drug_row,drug_col,cell_line_name,synergy_bliss
640884,406.0,1589.0,161.0,-0.6829571248227975
640885,630.0,406.0,161.0,-6.052099918786688
640890,453.0,787.0,161.0,-1.960795881020449
644461,453.0,630.0,175.0,-1.960795881020449
