,drug_row,drug_col,cell_line_name,synergy_bliss
640887,630.0,1589.0,161.0,1.8311817294210373
640889,453.0,406.0,161.0,0.0532751017322401
640890,453.0,787.0,161.0,-1.960795881020449
644459,453.0,406.0,175.0,-1.960795881020449
