,drug_row,drug_col,cell_line_name,synergy_zip
623032,2677.0,544.0,107.0,-2.701462734333333
634625,4172.0,544.0,184.0,-7.787861796
635251,157.0,544.0,170.0,-0.8209266553333333
650565,150.0,544.0,128.0,6.9847762116666665
650566,3186.0,544.0,128.0,-10.474748356666666
