,drug_row,drug_col,cell_line_name,synergy_zip
623033,157.0,544.0,107.0,3.404735013333333
634627,157.0,544.0,184.0,-2.335765271333333
635248,3186.0,544.0,170.0,-10.234548473333334
650564,2063.0,544.0,128.0,4.604598000666667
650569,157.0,544.0,128.0,-1.3118492416666667
