,drug_row,drug_col,cell_line_name,synergy_zip
623026,827.0,544.0,107.0,-3.149471950333333
623027,828.0,544.0,107.0,-2.067455326
623029,150.0,544.0,107.0,-2.0185813843333333
634627,157.0,544.0,184.0,-2.335765271333333
635247,150.0,544.0,170.0,-13.931978973333337
650565,150.0,544.0,128.0,6.9847762116666665
