,drug_row,drug_col,cell_line_name,synergy_zip
623030,3186.0,544.0,107.0,-0.6410139696666667
623033,157.0,544.0,107.0,3.404735013333333
634623,150.0,544.0,184.0,-10.53514438
634625,4172.0,544.0,184.0,-7.787861796
634626,2677.0,544.0,184.0,3.2249652256666668
