,drug_row,drug_col,cell_line_name,synergy_zip
623025,829.0,544.0,107.0,-0.1372760986666666
635247,150.0,544.0,170.0,-13.931978973333337
623033,157.0,544.0,107.0,3.404735013333333
623026,827.0,544.0,107.0,-3.149471950333333
650562,827.0,544.0,128.0,27.998434676666665
623030,3186.0,544.0,107.0,-0.6410139696666667
