,drug_row,drug_col,cell_line_name,synergy_zip
623025,829.0,544.0,107.0,-0.1372760986666666
634625,4172.0,544.0,184.0,-7.787861796
650561,829.0,544.0,128.0,14.18572353
650563,828.0,544.0,128.0,22.94767579
650569,157.0,544.0,128.0,-1.3118492416666667
