,drug_row,drug_col,cell_line_name,synergy_zip
634626,2677.0,544.0,184.0,3.2249652256666668
635248,3186.0,544.0,170.0,-10.234548473333334
635249,4172.0,544.0,170.0,3.2478003253333334
635250,2677.0,544.0,170.0,-8.932856561333333
635251,157.0,544.0,170.0,-0.8209266553333333
650568,2677.0,544.0,128.0,-2.2606260930000004
