,drug_row,drug_col,cell_line_name,synergy_zip
623025,829.0,544.0,107.0,-0.1372760986666666
635250,2677.0,544.0,170.0,-8.932856561333333
634626,2677.0,544.0,184.0,3.2249652256666668
623026,827.0,544.0,107.0,-3.149471950333333
650561,829.0,544.0,128.0,14.18572353
623033,157.0,544.0,107.0,3.404735013333333
