,drug_row,drug_col,cell_line_name,synergy_zip
650562,827.0,544.0,128.0,27.998434676666665
635247,150.0,544.0,170.0,-13.931978973333337
623025,829.0,544.0,107.0,-0.1372760986666666
634627,157.0,544.0,184.0,-2.335765271333333
650564,2063.0,544.0,128.0,4.604598000666667
635250,2677.0,544.0,170.0,-8.932856561333333
