,drug_row,drug_col,cell_line_name,synergy_zip
623026,827.0,544.0,107.0,-3.149471950333333
623031,4172.0,544.0,107.0,-0.7652847663333334
623032,2677.0,544.0,107.0,-2.701462734333333
634627,157.0,544.0,184.0,-2.335765271333333
635251,157.0,544.0,170.0,-0.8209266553333333
650567,4172.0,544.0,128.0,3.541991655666666
