,drug_row,drug_col,cell_line_name,synergy_zip
623025,829.0,544.0,107.0,-0.1372760986666666
635248,3186.0,544.0,170.0,-10.234548473333334
635249,4172.0,544.0,170.0,3.2478003253333334
650568,2677.0,544.0,128.0,-2.2606260930000004
650569,157.0,544.0,128.0,-1.3118492416666667
