,drug_row,drug_col,cell_line_name,synergy_zip
623027,828.0,544.0,107.0,-2.067455326
623029,150.0,544.0,107.0,-2.0185813843333333
623030,3186.0,544.0,107.0,-0.6410139696666667
634624,3186.0,544.0,184.0,-6.3840060413333335
634626,2677.0,544.0,184.0,3.2249652256666668
650562,827.0,544.0,128.0,27.998434676666665
