,drug_row,drug_col,cell_line_name,synergy_zip
623025,829.0,544.0,107.0,-0.1372760986666666
635248,3186.0,544.0,170.0,-10.234548473333334
634624,3186.0,544.0,184.0,-6.3840060413333335
623026,827.0,544.0,107.0,-3.149471950333333
635251,157.0,544.0,170.0,-0.8209266553333333
623032,2677.0,544.0,107.0,-2.701462734333333
