,drug_row,drug_col,cell_line_name,synergy_zip
623030,3186.0,544.0,107.0,-0.6410139696666667
623031,4172.0,544.0,107.0,-0.7652847663333334
623032,2677.0,544.0,107.0,-2.701462734333333
634623,150.0,544.0,184.0,-10.53514438
650562,827.0,544.0,128.0,27.998434676666665
650564,2063.0,544.0,128.0,4.604598000666667
