,drug_row,drug_col,cell_line_name,synergy_zip
623025,829.0,544.0,107.0,-0.1372760986666666
635249,4172.0,544.0,170.0,3.2478003253333334
634625,4172.0,544.0,184.0,-7.787861796
623026,827.0,544.0,107.0,-3.149471950333333
635251,157.0,544.0,170.0,-0.8209266553333333
623032,2677.0,544.0,107.0,-2.701462734333333
