,drug_row,drug_col,cell_line_name,synergy_zip
623027,828.0,544.0,107.0,-2.067455326
635251,157.0,544.0,170.0,-0.8209266553333333
634625,4172.0,544.0,184.0,-7.787861796
623028,2063.0,544.0,107.0,-3.578320641
650563,828.0,544.0,128.0,22.94767579
623032,2677.0,544.0,107.0,-2.701462734333333
