,drug_row,drug_col,cell_line_name,synergy_zip
623025,829.0,544.0,107.0,-0.1372760986666666
635251,157.0,544.0,170.0,-0.8209266553333333
634625,4172.0,544.0,184.0,-7.787861796
623028,2063.0,544.0,107.0,-3.578320641
650562,827.0,544.0,128.0,27.998434676666665
623033,157.0,544.0,107.0,3.404735013333333
