,drug_row,drug_col,cell_line_name,synergy_zip
623028,2063.0,544.0,107.0,-3.578320641
635247,150.0,544.0,170.0,-13.931978973333337
635250,2677.0,544.0,170.0,-8.932856561333333
650561,829.0,544.0,128.0,14.18572353
650562,827.0,544.0,128.0,27.998434676666665
650566,3186.0,544.0,128.0,-10.474748356666666
