,drug_row,drug_col,cell_line_name,synergy_zip
623027,828.0,544.0,107.0,-2.067455326
623029,150.0,544.0,107.0,-2.0185813843333333
634624,3186.0,544.0,184.0,-6.3840060413333335
650563,828.0,544.0,128.0,22.94767579
650564,2063.0,544.0,128.0,4.604598000666667
650565,150.0,544.0,128.0,6.9847762116666665
