,drug_row,drug_col,cell_line_name,synergy_zip
635251,157.0,544.0,170.0,-0.8209266553333333
634626,2677.0,544.0,184.0,3.2249652256666668
623025,829.0,544.0,107.0,-0.1372760986666666
634625,4172.0,544.0,184.0,-7.787861796
650562,827.0,544.0,128.0,27.998434676666665
635248,3186.0,544.0,170.0,-10.234548473333334
