,drug_row,drug_col,cell_line_name,synergy_zip
635250,2677.0,544.0,170.0,-8.932856561333333
634624,3186.0,544.0,184.0,-6.3840060413333335
623026,827.0,544.0,107.0,-3.149471950333333
634623,150.0,544.0,184.0,-10.53514438
650562,827.0,544.0,128.0,27.998434676666665
635247,150.0,544.0,170.0,-13.931978973333337
