,drug_row,drug_col,cell_line_name,synergy_zip
623028,2063.0,544.0,107.0,-3.578320641
623033,157.0,544.0,107.0,3.404735013333333
634624,3186.0,544.0,184.0,-6.3840060413333335
650566,3186.0,544.0,128.0,-10.474748356666666
650567,4172.0,544.0,128.0,3.541991655666666
