,drug_row,drug_col,cell_line_name,synergy_zip
623025,829.0,544.0,107.0,-0.1372760986666666
635251,157.0,544.0,170.0,-0.8209266553333333
634627,157.0,544.0,184.0,-2.335765271333333
623026,827.0,544.0,107.0,-3.149471950333333
650563,828.0,544.0,128.0,22.94767579
623033,157.0,544.0,107.0,3.404735013333333
