,drug_row,drug_col,cell_line_name,synergy_zip
623028,2063.0,544.0,107.0,-3.578320641
623031,4172.0,544.0,107.0,-0.7652847663333334
635249,4172.0,544.0,170.0,3.2478003253333334
650563,828.0,544.0,128.0,22.94767579
650567,4172.0,544.0,128.0,3.541991655666666
650568,2677.0,544.0,128.0,-2.2606260930000004
