,drug_row,drug_col,cell_line_name,synergy_loewe
623025,829.0,544.0,107.0,-2.948494315
635248,3186.0,544.0,170.0,-5.881162984333333
634623,150.0,544.0,184.0,-21.840487056666664
623026,827.0,544.0,107.0,10.123282653333334
635251,157.0,544.0,170.0,-21.217728956666665
623031,4172.0,544.0,107.0,4.452551507666667
