,drug_row,drug_col,cell_line_name,synergy_loewe
634626,2677.0,544.0,184.0,-0.893693608
635248,3186.0,544.0,170.0,-5.881162984333333
635249,4172.0,544.0,170.0,-17.738863586666668
635250,2677.0,544.0,170.0,-16.37031508666667
635251,157.0,544.0,170.0,-21.217728956666665
650568,2677.0,544.0,128.0,6.587773054333333
