,drug_row,drug_col,cell_line_name,synergy_loewe
623028,2063.0,544.0,107.0,5.195067088
623031,4172.0,544.0,107.0,4.452551507666667
635249,4172.0,544.0,170.0,-17.738863586666668
650563,828.0,544.0,128.0,24.772142966666667
650567,4172.0,544.0,128.0,10.023502966666667
650568,2677.0,544.0,128.0,6.587773054333333
