,drug_row,drug_col,cell_line_name,synergy_loewe
623027,828.0,544.0,107.0,-1.779699145333333
635251,157.0,544.0,170.0,-21.217728956666665
634625,4172.0,544.0,184.0,-25.93269116333333
623028,2063.0,544.0,107.0,5.195067088
650563,828.0,544.0,128.0,24.772142966666667
623032,2677.0,544.0,107.0,1.608332268
