,drug_row,drug_col,cell_line_name,synergy_loewe
635251,157.0,544.0,170.0,-21.217728956666665
634624,3186.0,544.0,184.0,-8.864952962
623025,829.0,544.0,107.0,-2.948494315
634623,150.0,544.0,184.0,-21.840487056666664
650562,827.0,544.0,128.0,38.35632177666667
635247,150.0,544.0,170.0,-7.070849937333333
