,drug_row,drug_col,cell_line_name,synergy_loewe
623025,829.0,544.0,107.0,-2.948494315
634625,4172.0,544.0,184.0,-25.93269116333333
650561,829.0,544.0,128.0,11.523977893333331
650563,828.0,544.0,128.0,24.772142966666667
650569,157.0,544.0,128.0,1.826816998
