,drug_row,drug_col,cell_line_name,synergy_loewe
623030,3186.0,544.0,107.0,2.455574201
623031,4172.0,544.0,107.0,4.452551507666667
623032,2677.0,544.0,107.0,1.608332268
634623,150.0,544.0,184.0,-21.840487056666664
650562,827.0,544.0,128.0,38.35632177666667
650564,2063.0,544.0,128.0,20.964714706666665
