,drug_row,drug_col,cell_line_name,synergy_loewe
623025,829.0,544.0,107.0,-2.948494315
635248,3186.0,544.0,170.0,-5.881162984333333
635249,4172.0,544.0,170.0,-17.738863586666668
650568,2677.0,544.0,128.0,6.587773054333333
650569,157.0,544.0,128.0,1.826816998
