,drug_row,drug_col,cell_line_name,synergy_loewe
623025,829.0,544.0,107.0,-2.948494315
635250,2677.0,544.0,170.0,-16.37031508666667
634626,2677.0,544.0,184.0,-0.893693608
623026,827.0,544.0,107.0,10.123282653333334
650561,829.0,544.0,128.0,11.523977893333331
623033,157.0,544.0,107.0,9.252789807333334
