,drug_row,drug_col,cell_line_name,synergy_loewe
623033,157.0,544.0,107.0,9.252789807333334
634627,157.0,544.0,184.0,-23.230759586666665
635248,3186.0,544.0,170.0,-5.881162984333333
650564,2063.0,544.0,128.0,20.964714706666665
650569,157.0,544.0,128.0,1.826816998
