,drug_row,drug_col,cell_line_name,synergy_loewe
623025,829.0,544.0,107.0,-2.948494315
635249,4172.0,544.0,170.0,-17.738863586666668
634625,4172.0,544.0,184.0,-25.93269116333333
623026,827.0,544.0,107.0,10.123282653333334
635251,157.0,544.0,170.0,-21.217728956666665
623032,2677.0,544.0,107.0,1.608332268
