,drug_row,drug_col,cell_line_name,synergy_loewe
623025,829.0,544.0,107.0,-2.948494315
635250,2677.0,544.0,170.0,-16.37031508666667
634625,4172.0,544.0,184.0,-25.93269116333333
623027,828.0,544.0,107.0,-1.779699145333333
650562,827.0,544.0,128.0,38.35632177666667
623033,157.0,544.0,107.0,9.252789807333334
