,drug_row,drug_col,cell_line_name,synergy_loewe
623026,827.0,544.0,107.0,10.123282653333334
623031,4172.0,544.0,107.0,4.452551507666667
623032,2677.0,544.0,107.0,1.608332268
634627,157.0,544.0,184.0,-23.230759586666665
635251,157.0,544.0,170.0,-21.217728956666665
650567,4172.0,544.0,128.0,10.023502966666667
