,drug_row,drug_col,cell_line_name,synergy_loewe
623028,2063.0,544.0,107.0,5.195067088
623033,157.0,544.0,107.0,9.252789807333334
634624,3186.0,544.0,184.0,-8.864952962
650566,3186.0,544.0,128.0,4.271542771
650567,4172.0,544.0,128.0,10.023502966666667
