,drug_row,drug_col,cell_line_name,synergy_loewe
623026,827.0,544.0,107.0,10.123282653333334
623027,828.0,544.0,107.0,-1.779699145333333
623029,150.0,544.0,107.0,11.075345406666663
634627,157.0,544.0,184.0,-23.230759586666665
635247,150.0,544.0,170.0,-7.070849937333333
650565,150.0,544.0,128.0,22.62858818
