,drug_row,drug_col,cell_line_name,synergy_loewe
623032,2677.0,544.0,107.0,1.608332268
634625,4172.0,544.0,184.0,-25.93269116333333
635251,157.0,544.0,170.0,-21.217728956666665
650565,150.0,544.0,128.0,22.62858818
650566,3186.0,544.0,128.0,4.271542771
