,drug_row,drug_col,cell_line_name,synergy_loewe
623025,829.0,544.0,107.0,-2.948494315
635251,157.0,544.0,170.0,-21.217728956666665
634627,157.0,544.0,184.0,-23.230759586666665
623026,827.0,544.0,107.0,10.123282653333334
650563,828.0,544.0,128.0,24.772142966666667
623033,157.0,544.0,107.0,9.252789807333334
