,drug_row,drug_col,cell_line_name,synergy_loewe
623027,828.0,544.0,107.0,-1.779699145333333
623029,150.0,544.0,107.0,11.075345406666663
623030,3186.0,544.0,107.0,2.455574201
634624,3186.0,544.0,184.0,-8.864952962
634626,2677.0,544.0,184.0,-0.893693608
650562,827.0,544.0,128.0,38.35632177666667
