,drug_row,drug_col,cell_line_name,synergy_loewe
623027,828.0,544.0,107.0,-1.779699145333333
623029,150.0,544.0,107.0,11.075345406666663
634624,3186.0,544.0,184.0,-8.864952962
650563,828.0,544.0,128.0,24.772142966666667
650564,2063.0,544.0,128.0,20.964714706666665
650565,150.0,544.0,128.0,22.62858818
