,drug_row,drug_col,cell_line_name,synergy_loewe
623030,3186.0,544.0,107.0,2.455574201
623033,157.0,544.0,107.0,9.252789807333334
634623,150.0,544.0,184.0,-21.840487056666664
634625,4172.0,544.0,184.0,-25.93269116333333
634626,2677.0,544.0,184.0,-0.893693608
