,drug_row,drug_col,cell_line_name,synergy_loewe
650562,827.0,544.0,128.0,38.35632177666667
635247,150.0,544.0,170.0,-7.070849937333333
623025,829.0,544.0,107.0,-2.948494315
634627,157.0,544.0,184.0,-23.230759586666665
650564,2063.0,544.0,128.0,20.964714706666665
635250,2677.0,544.0,170.0,-16.37031508666667
