,drug_row,drug_col,cell_line_name,synergy_loewe
623025,829.0,544.0,107.0,-2.948494315
635247,150.0,544.0,170.0,-7.070849937333333
623033,157.0,544.0,107.0,9.252789807333334
623026,827.0,544.0,107.0,10.123282653333334
650562,827.0,544.0,128.0,38.35632177666667
623030,3186.0,544.0,107.0,2.455574201
