,drug_row,drug_col,cell_line_name,synergy_loewe
623028,2063.0,544.0,107.0,5.195067088
635247,150.0,544.0,170.0,-7.070849937333333
635250,2677.0,544.0,170.0,-16.37031508666667
650561,829.0,544.0,128.0,11.523977893333331
650562,827.0,544.0,128.0,38.35632177666667
650566,3186.0,544.0,128.0,4.271542771
