,drug_row,drug_col,cell_line_name,synergy_hsa
640892,453.0,1589.0,161.0,1.9151702112866087
644454,406.0,1589.0,175.0,-0.0008950992815675
644455,630.0,406.0,175.0,-0.0008950992815675
644458,1589.0,787.0,175.0,-0.0008950992815675
