,drug_row,drug_col,cell_line_name,synergy_hsa
640885,630.0,406.0,161.0,-10.376612895687074
640886,630.0,787.0,161.0,-8.216898780424724
640891,453.0,630.0,161.0,-8.7155587120973
644461,453.0,630.0,175.0,-0.0008950992815675
