,drug_row,drug_col,cell_line_name,synergy_hsa
640885,630.0,406.0,161.0,-10.376612895687074
640889,453.0,406.0,161.0,-0.2968358629897206
644454,406.0,1589.0,175.0,-0.0008950992815675
644457,630.0,1589.0,175.0,-0.0008950992815675
