,drug_row,drug_col,cell_line_name,synergy_hsa
640884,406.0,1589.0,161.0,-3.357533378993101
640885,630.0,406.0,161.0,-10.376612895687074
640890,453.0,787.0,161.0,-0.0008950992815675
644461,453.0,630.0,175.0,-0.0008950992815675
