,drug_row,drug_col,cell_line_name,synergy_hsa
640891,453.0,630.0,161.0,-8.7155587120973
644456,630.0,787.0,175.0,-0.0008950992815675
644458,1589.0,787.0,175.0,-0.0008950992815675
644462,453.0,1589.0,175.0,-0.0008950992815675
