,drug_row,drug_col,cell_line_name,synergy_hsa
640883,406.0,787.0,161.0,5.453149189549699
640886,630.0,787.0,161.0,-8.216898780424724
640891,453.0,630.0,161.0,-8.7155587120973
644453,406.0,787.0,175.0,-0.0008950992815675
