,drug_row,drug_col,cell_line_name,synergy_hsa
640886,630.0,787.0,161.0,-8.216898780424724
640889,453.0,406.0,161.0,-0.2968358629897206
644453,406.0,787.0,175.0,-0.0008950992815675
644459,453.0,406.0,175.0,-0.0008950992815675
