,drug_row,drug_col,cell_line_name,synergy_hsa
640883,406.0,787.0,161.0,5.453149189549699
640887,630.0,1589.0,161.0,-7.51592820530175
644455,630.0,406.0,175.0,-0.0008950992815675
644461,453.0,630.0,175.0,-0.0008950992815675
