,drug_row,drug_col,cell_line_name,synergy_hsa
640885,630.0,406.0,161.0,-10.376612895687074
640887,630.0,1589.0,161.0,-7.51592820530175
644457,630.0,1589.0,175.0,-0.0008950992815675
644460,453.0,787.0,175.0,-0.0008950992815675
