,drug_row,drug_col,cell_line_name,synergy_hsa
640888,1589.0,787.0,161.0,-2.033507687109838
640891,453.0,630.0,161.0,-8.7155587120973
644454,406.0,1589.0,175.0,-0.0008950992815675
644455,630.0,406.0,175.0,-0.0008950992815675
