,drug_row,drug_col,cell_line_name,synergy_hsa
640883,406.0,787.0,161.0,5.453149189549699
640884,406.0,1589.0,161.0,-3.357533378993101
640889,453.0,406.0,161.0,-0.2968358629897206
644459,453.0,406.0,175.0,-0.0008950992815675
