,drug_row,drug_col,cell_line_name,synergy_hsa
640886,630.0,787.0,161.0,-8.216898780424724
640888,1589.0,787.0,161.0,-2.033507687109838
640892,453.0,1589.0,161.0,1.9151702112866087
644453,406.0,787.0,175.0,-0.0008950992815675
