,drug_row,drug_col,cell_line_name,synergy_hsa
640887,630.0,1589.0,161.0,-7.51592820530175
640889,453.0,406.0,161.0,-0.2968358629897206
640890,453.0,787.0,161.0,-0.0008950992815675
644459,453.0,406.0,175.0,-0.0008950992815675
